no,name,rarity,attribute,story,cutin1,cutin2,cutin3
1601,[骸喰王]ファイヴ,6,闇,ルイスの振るう豪槍が、少女の躯の尽くを、砕き貫き剥いでいく。　うしてついにその鋒が、彼女の心臓を捉えた<span style="color:blue">　腕　</span>かしルイスの両の腕は　のように消えていた　地に落ち音を立てる槍<span style="color:blue">　足　</span>を追うように、彼は地に膝をつく。な　なら　から下は既に無い。驚愕により見開か<span style="color:blue">　眼　</span>も消えつい　視界は闇へと堕ち　。それでも　かに動こう<span style="color:blue">　骨　</span>全身が崩れて<span style="color:blue">　血　</span>を感じる。やがて　考が　散する中、少女の　のような奇妙な笑<span style="color:blue">　頭</span>,ニャホホん！,魂以外ハ無駄ナク遺さズ,サァてドコから頂こっカナ～
1602,ガス,4,火,ガスは、東砂漠を中心に活動する盗賊団の若き頭目である。彼らは富む者、貧する者を問わずしてその敷居を踏み侵しては、金や数多の宝を奪い尽くし、そしてそれらを一夜の内に、酒と女に溶かす日々を送っている。奪った物は、奪われぬ内に。その信条に則り、連日連夜乱痴気騒ぎを繰り返す彼らは、今や砂漠に住む多くの民から非難の目を向けられ、厄介者として名を馳せている。,すっこんでろ、クソが,奪えるもんなら奪ってみろよ,奪われる方が悪ぃんだよ,よぉ、クソ舎弟ども
1603,[族王]ガス,5,火,八人兄弟の末弟として生まれたガスを待っていたのは、砂漠という名の地獄であった。およそ三つになる頃に棄てられた彼は、そこから何とか町を伝い、奪い、奪われ、虐げられて生きて来た。そんなガスの元に集ったのもまた、同じような身の上の者たち。ゆえに彼らの心には、その信条が根深く灯る。奪った物は、奪われぬ内に。そしてガスは悪意を含んだ笑みを浮かべ、その日富豪から奪い取った、鉄の檻へと視線を向けた。,黙ってろ、クソが,奪えるんならくれてやるよ,根こそぎ奪い尽くしてやらぁ,よぉ、クソ舎弟ども
1604,[盗賊王]ガス,6,火,ガスの企みは驚く程に上手くいった。と或る砂漠の富豪が捕え、囲っていた炎竜。彼らはそれを眼下の町へと向け躊躇無く放った。瞬く間に炎に覆われ狂乱に陥る人々。かつて自分たちを見棄てた、無責任たる大人たちが逃げ惑う光景を見て、ガスは笑い声を上げる。しかしその時、仲間の一人が憐れな悲鳴と共に宙を舞う。見ればそこには鉄拳を持つ、半身機械の男の姿。そして仲間が地に堕ちると同時に、盗賊総勢四十九人と、紫煙くゆらすその男との、一夜限りの戦争が始まった。,邪魔すんじゃねぇ、クソが,奪ってみろよ腰抜け野郎,てめぇの命に鍵でも掛けてな,よぉ、クソ舎弟ども
1605,レオーヌ,4,無,レオーヌは王を守護する騎士の一角である。王に害為す者があれば、その剣を弓につがえ、躊躇無く心の臓を射抜く。幼き頃よりそう教え込まれ、そして育てられて来た。たとえそれが王の親族であろうと、禁忌とされる竜殺しであろうと、あるいは彼の愛する者であろうと、その刻が来れば彼女は、迷うこと無く弓を引く。,そこが貴方の死線です,王の命に触れれば、射抜く,我が剣は王の為に,王の為ならば
1606,[弓剣王]レオーヌ,5,無,レオーヌは天性とも言うべきその感覚で、王に群がる害虫を駆除する。それは時に王の理解者を装い、またある時は懇願する民を演じ、王の命を奪おうと近付く。レオーヌはその者たちの心臓を、王すら知りえぬ間に穿ち、闇に葬り続けて来た。しかし彼女にとって重要なのはいつなん時も王の命、ただそれのみ。ゆえに彼の思想も、語る言葉も、あるいは人格そのものすら、守護するには値せず、それらがいかに侵されようとも、決して剣を抜く事は無い。,二度、警告は致しません,王の命に触れれば、殺す,我が弓は王の為に,王の為ならば
1607,[穿剣王]レオーヌ,6,無,王へと害為す憎悪の群れが、竜が如くに渦巻いていく中、レオーヌはその中心を的確に見極めていた。祭壇の上、王と共にこの世の平和、あるいは終わりの言の葉を紡ぎ続ける彼女こそ、今此処に至り、ついに王の喉元に突きつけられた刃そのものであった。ゆえにレオーヌは剣を抜く。周囲の暴徒に一瞥もくれず、瞬きもせず、また呼吸をも止め、彼女が愛するその者の命を蝕み喰らう虫へと、迷う事無く弓を引く。,心の臓へと我が剣は届く,くたばれ、害虫,我が命は王の為に,王の為ならば
1608,[光谷王]エリクス,6,光,エリクスは竜人族の住まう「光りの谷」の長である。かつて竜の脅威により滅びかけたその谷を、彼は生まれ持った才覚と、そして今は亡き兄が築いた龍脈により蘇らせる事に成功した。また、二度の災厄から竜人の危機を救った「智慧」と「戦果」は、他の谷長より評価されるに、十分過ぎる結果であった。こうして彼は、父と兄すら成し得なかった「六谷議会」への選入を果たし、自らの野望の実現に向け、また一歩近付いていく。,耳障りな風だ,全ては我が野望のため,これが龍脈の力だ,馴れ合いなど、不要
1609,[龍脈王]エリクス,6,光,十八年振りに開催されたその集いは「五谷議会」の名を改め「六谷議会」として幕を開けた。円卓の座に着くは、火の長ヴェーラ、霧の長カヤ、奈落の長オウル、虹の長トーア、そして光りの長エリクスの五人であり、一席はいまだ空のままであった。無論、エリクスにとってはそれは非常に都合が良い。しかし、議長たるトーアが口を開くや否や、けたたましくも扉が開く。エリクスが思わず歪める視線の先、そこには六人目、すなわち水の長、D・ハーヴィング・ルカの姿が在った。,風よ、鳴き止め,射殺せ、我が羽矢,龍の禍を此処に,馴れ合いなど、不要
1610,[月守王]むつき,6,闇,其処はワノクニ「大和」の地より、僅かに北へと上った所。その地に根差す雲より高き「天守塔」の中程を、息を切らせて駆け上がる女子の姿があった。名はむつき。若き「天守」の主である。天守はその名が示す通り、天、すなわち祭事における天色を守護する任を担う。しかし天司るその咒法は、門外不出の禁忌ともされ、ゆえにむつきはたった一人で、これより六月ののちに始まる国祭「終泰祭」にて見事な月を浮かべるべく、猫の手借りる暇すら惜しみ、上へ下へと奔走している。,大忙し……でありんすねぇ,今宵も月が綺麗ざんす,ふふふの……ふぅ……,少ぉしお邪魔しまよぃ
1611,[月呪王]ムツキ,6,闇,「天守」の咒法は古くからあり、しかしそれらのいずれもを、かつての人は外法と呼んだ。なぜならそれは人の手に余る、「鬼」が遺した禁咒ゆえ。その地より猫一匹すらも逃がさぬ為、彼女は強くそれを欲し、そしてむつきを手に入れた。ついに今より開始される「終泰祭」。暗雲ならぬ闇雲が、ムツキの立つ天守の頂より漏れ出、月を隠して大和を覆う。そして誰も、此の地の神すら知らぬ外で、「ワノクニ崩し」の幕はあがった。,総崩れ……でありんすねぇ,わっちの月はいかがざんしょ？,にゃふふの……ふ,猫の手……いかがざんしょ？
1612,[魔王]ラハール,6,闇,<span style="color:#FF1493"><strong>[Profile]</strong></span><br class="spacer">本名：ラハール<br class="spacer">年齢：１３１６歳<br class="spacer">身長：１３５<br class="spacer">体重：３８<br class="spacer">好き：オレさま<br class="spacer">嫌い：愛、優しさ、ムチムチした女,オレさまは最凶の魔王だ！,オレさまにひれ伏せ！,オレさまに感謝するんだな！
1613,[超魔王]ラハール,6,闇,魔王クリチェフスコイの一人息子で、オレさま至上主義で、わがまま、身勝手、自己中心的な性格。クリチェフスコイ亡き後、魔王の座を狙う名だたる悪魔を力ずくでねじ伏せ、自ら魔王の地位につく。しかし、彼が魔王になったことを知っているのは、ごく一部の酔狂な悪魔と天界の上位天使のみ。,これが、超魔王の力だーー！,オレさまの力を見せてやる！,オレさまに感謝するんだな！
1614,[小悪魔]エトナ,6,火,<span style="color:#FF1493"><strong>[Profile]</strong></span><br class="spacer">本名：エトナ<br class="spacer">年齢：１４７３歳<br class="spacer">身長：１４８<br class="spacer">体重：４０<br class="spacer">３Ｓ：７１/５０/７５<br class="spacer">好き：自由に生きること<br class="spacer">嫌い：自由を邪魔するやつ,テキトーにやるわよ！,スイーツまだー？,アタシを使おうっての？
1615,[美少女悪魔]エトナ,6,火,魔王ラハールの家来として魔王城に住むキュートな小悪魔。孤児であり、魔王クリチェフスコイに拾われて魔王城で仕える以前の記憶はほとんど残っていない。あっけらかんとした性格で自由気ままに家来ライフを過ごしている。鋭いツッコミの持ち主でもあり、主人のラハールに対しても容赦はない。,全殺しで勘弁してあげるわ！,アタシの下僕になりなさい！,アタシを使おうっての？
1616,[堕天使]フロン,6,光,<span style="color:#FF1493"><strong>[Profile]</strong></span><br class="spacer">本名：フロン<br class="spacer">年齢：１５１２歳<br class="spacer">身長：１５８<br class="spacer">体重：４６<br class="spacer">３Ｓ：７７/５３/７８<br class="spacer">好き：愛、ヒーロー物アニメ、特撮番組<br class="spacer">嫌い：愛の精神に反するもの,ただ全力で放つ愛の拳！,まさしく愛です！,ピュアセブン、参上～！！
1617,[愛天使]フロン,6,光,天界と魔界の友好関係を築いた立役者。だが、その過程で同胞の天使を傷つけてしまい、罪を償うために堕天使の姿にされている。今はちゃっかり魔王城に居座っており、天使の頃と変わらず、悪魔に愛を伝道しようとする『愛マニア』っぷりを見せつけている。,むふぅ、愛こそすべてです！,これも愛のカタチです！！,ピュアセブン、参上～！！
1618,[軍師]クリスト,6,水,「さる巨大魔界」に所属する魔王の一人。軍師・参謀としての能力に秀でており、勝利のためには手段を選ばない冷徹な一面を持つ。魔帝ヴォイドダークによる全魔界の支配を阻止する対抗手段として、反乱軍の結成し、一大勢力にまで成長させたのは彼の手腕によるところが大きい。,僕が相手です！,能力は見破りました！,僕が行きましょう！
1619,[魔将軍]マジョリタ,6,闇,魔帝ヴォイドダークを神の如くあがめて心酔する魔将軍の一人。口癖は「キル＆リサイクル」。平気で味方兵士まで殺し、死人として甦らせることから、部下たちからも恐れられている。レッドマグナスの灼熱魔界を滅ぼしたのも、ウサリアの兎兎魔界を滅ぼしたのも、この魔将軍マジョリタである。,みんな死人にな～れっ！,キル＆リサイクル,ありがたく思うのだな！
1620,[兎兎魔王]ウサリア,6,光,兎兎魔界の跡取り娘。魔帝ヴォイドダークによる全魔界支配に向けて魔将軍マジョリタの攻撃を受け、あえなく降伏。その際、一人娘であるウサリアに凶暴化の呪いがかけられた。凶暴化の呪いが進行すると、凶暴なまま元に戻れなくなる。呪いを緩和するには、ウサリアが大嫌いなカレーを食べなければならない。,いきます、ぴょん！,兎と言えば餅つき！,私が助けるぴょん！
1621,[小魔王]ゼロッケン,6,無,魔帝ヴォイドダーク率いる終焉の黙示録軍ロストを相手に、たった一人で戦っている孤高の魔王……かと思いきや、口先だけは一人前の、魔王に憧れるただの小僧。趣味は「プロ魔王カード」の収集。大魔拳ゴルディオンの弟子を名乗り、その意志を継ごうと行動している。,よっしゃ、いくぜ！,素人は引っ込んでな！,任せときな！
1622,[灼熱魔王]レッドマグナス,6,火,凶暴な悪魔どもが集結する灼熱魔界の魔王。力こそがすべてと信じ、己こそが最強の魔王だと信じて疑わない。筋力・嗅覚など野生的な能力は超一流。昼寝をしている間に灼熱魔界をロストに滅ぼされたため、ヴォイドダークをブッ倒して、最強魔王の座を勝ち取ろうと考えている。,超絶、燃えてきたぜ！,超絶、ド派手に行くぜ！,超絶助けるぜ！
1623,[暴虐魔王]キリア,6,闇,魔帝ヴォイドダークに復讐を誓う戦士。仲間を増やすこと、群れて戦うことを嫌っている。悪魔らしからぬ性格の持ち主で、ヴォイドダークへの強烈な復讐心を持つと同時に、ヴォイドダークに苦しめられている者を見過ごせない優しさを持ち合わせている。,一気にいくぞ！,速攻でケリをつけるそ！,よし、もう大丈夫だ！
1624,[姫魔王]セラフィーヌ,6,無,魔王を引退した父親に魔帝ヴォイドダークとの政略結婚を推し進められるが、これに反対し、魔王のくせに家出する。三界（魔界、天界、人間界）で一番金持ちと言われている魔界、絢爛魔界の女魔王。ヴォイドダーク抹殺を決意するが、あえなくロスト軍に壊滅させられそうになったところをキリアに救われる。,飛ばしますわよ！,さぁ、ひれ伏しなさい！,オホホ、お助けしますわ！
1625,赤色のプリニー,6,火,プリニーの中でもとびっきりの姉御肌。困っているプリニーがいると放っておけない性格。,私に続いてください！,お助けします！
1626,プリニー,6,水,投げられると爆発してしまうオーソドックスなプリニー。罪を償うために魔族に雇われ過酷な労働を強いられている。,いくッスよー！,オレに続くッス！,お助けするッス！
1627,黄色のプリニー,6,光,イワシカレーが大好きなプリニー。黄色くなってしまったのはカレーの食べすぎが原因か……。,いくぴょん！,続くぴょん！,お助けするぴょん！
1628,闇のプリニー,6,闇,ダークな見た目でチョイ悪感アップ！低賃金で働くことが大嫌い。,いくッスよー！,低賃金反対ッス！,ストライキを起こすッス！
1629,緑色のプリニー,6,無,ダンディーな振る舞いで世のプリニー達のアコガレ。語尾に「ッス」を付けるため努力している。,いくぞ……ッス！,俺に続け……ッス！,助けに来た……ッス！
1630,プリしろ,6,無,ひょんな事から陽気な性格になった、下から目線なよりしろ。他のよりしろに比べてやや爆発しやすい。,でぃーッス,そいやーッス,ただいまーッス
1631,[殺咎王]リアム,6,無,血の一滴が床へと落ち、音にもならぬその音で、リアムは浅い眠りを終える。体を縛る茨の鉄鎖。身じろぐだけで皮膚は削られ、そこから薄く零れる血。それは穢れを払い、咎を殺す血。ゆえにその「監獄」を縛る鎖として、彼は幽閉され、血を流し続けてきた。来る日も来る日も身じろぎ、刻み、痛みに微かな笑みを浮かべ、そしてその幸福な日々に、頬を紅らめ、心を滾らせ。,ねぇ……僕の体に刻んでよ,……もっと痛く……して,もっと強く……もっと痛く,手加減無しで……いいよ
1632,[朱姫]ほむら,6,火,むかしむかしの、そのまた、むかし。天ノ国より遠く離れたその祠に、一人の神が棲んでいた。罪を侵した彼女は繋がれ、壊した器を紡ぎ続ける。いつか形を為すと信じ、さすれば其処を発てると信じ、年に一つの祝祭のみを、たった一つの生きる糧とし。そうしてやがて、紡ぎ続けた手が止まる刻まで、心は違わず在り続けた。,死んでも逃がさへんで,朱に交わればそれで終いや,堪忍……な,やっと会えた、な
1633,[蒼星]じかい,6,水,むかしむかしの、そのまた、むかし。天ノ国より流れる川に、一人の神が棲んでいた。彼は己を戒め、縛り、器に収むる魂を、ひたすら洗い、清め続ける。いつか光が戻ると信じ、さすれば罰は終わると信じ、年に一つの祝祭のみを、たった一つの希望の糧とし。そうしてやがて、清め続けた手が止まる刻まで、心は違わず在り続けた。,手心絶無で、いざ参る,戒めたるは我が魂,永遠に待たれよ,すまぬ、待たせたな
1634,[天帝]コトヨミ,6,無,むかしむかしの、そのまた、むかし。天ノ国に住まう八百万の神々を統べ、従える天ノ帝が居た。魂は皆、門をくぐったその先の座にて、帝の眼により見定められ、帝の手により加護を受け、帝の紡ぐ言の葉により、願いを叶え星を得る。それは決して侵し得ぬ、帝の果たすべき務め。ゆえに、やがて全てが薙ぎ払われ、数多の星が散ろうとも、その掌が喪われようとも、己が自身に裁定が下るその刻まで、心は違わず在り続けた。,………………,……裁定を、言い渡す,……不器用なものだな,星を統べるが、我が天命
1635,ヘレン,4,光,<span style="color:#FF1493"><strong>[第三浮島観測日誌　０１２２]</strong></span><br class="spacer">こちら第三浮島観測塔。順風快晴、異常は無しです。先刻、翼人族二頭の浮島への接近を確認しましたが、天兵隊隊長セレナ・フィオーレによる撃墜が既に完了しています。また本日、進路上に竜影は認められず、「狭国」の滞り無い運行が予想されます。以上、それでは引き続き観測を継続します。,観測開始です、先輩！,異常は無しです、先輩！,お助けしましょう、先輩！,先輩、やっと……私
1636,[駿光王]ヘレン,5,光,<span style="color:#FF1493"><strong>[第三浮島観測日誌　０２７９]</strong></span><br class="spacer">こちら第三浮島観測塔。東からの風により、中央島にやや揺らぎ有り。また先刻、外周四島において、軽微な浮力低下が認められました。現在、原因を調査中です。なお同時刻、各島各所にて「猫」のような奇妙な笑い声を聴いたとの報告多数。こちらも合わせ、調査中です。以上、それでは引き続き観測を継続します。,観測継続です、先輩！,調査は完了です、先輩！,お助けしましょう、先輩！,先輩、やっと……私
1637,[瞬光王]ヘレン,6,光,<span style="color:#FF1493"><strong>[第三浮島観測日誌　０２８３３３３３<br class="spacer">こちら第三浮島観　現在無風　急襲　翼人族では無　既に三島地上へ落下し　誰か早く　状況報告　死者多　たくさん　堕ちる　狭国　中央島　天兵隊　はや贄　先ぱい　セレナ　先輩　なんで誰か　はやく　早く　だれか早く　だれかはやく　猫　笑い　て　脚　食べられ　おなか　め　いやだ　たすけて　せんぱいせれなせんぱい　たすけ</strong></span>,はや贄　ですね　せんぱい,せんぱい　たすけて,だれか　はやく,先輩、やっと……私
1638,ローズヴェルト,4,火,<span style="color:#FF1493"><strong>本日の取り扱い商品</strong></span><br class="spacer">【灰色水晶】　　　　１９００００００００Ｇｂ<br class="spacer">【刻巡りの鍵】　　　　１５０００００００Ｇｂ<br class="spacer">【龍の純血】　　　　　　５８００００００Ｇｂ<br class="spacer">【月依代の灰】　　　　　　　４２００００Ｇｂ<br class="spacer">【竜化結晶の真核】　　　　　　　　３８０Ｇｂ<br class="spacer">【或る者の記憶】　　　　　　　　　　１０Ｇｂ<br class="spacer">　　　　　　　　　　　　　　　　　　他、多数,君は何が欲しいのかな～？,それでは対価を頂こうか,残念、私は売り物じゃないよ,さて、商売商売っと
1639,[旅商王]ローズヴェルト,5,火,ローズヴェルトは神出鬼没な旅商人である。「東」「西」問わず、世界のあらゆる場所に現れては、その時顧客が欲する「何か」を、的確、かつ確実に、商品として取り扱っている。しかし気まぐれな性格ゆえ、その値付けは実にいい加減なものであり、朝には一生を掛けても支払えぬ程に高額であった品が、夜には我楽多同然の価格にて売られている事も珍しくは無い。あるいはそれは彼女の本旨が、金とは別の所にあるゆえ、でもある。,どんな商品をお望みかな～？,お支払いは一括でどうぞ,私を買うには、まだ早いよ,さて、商売商売っと
1640,[慮商王]ローズヴェルト,6,火,旅商人たるローズヴェルトは、それゆえ客を選びはしない。呼び止められればそれが物乞い、あるいは王でも構わずに、鞄の錠を迷わず開く。王国、帝国、海国、天界、そして世界を喰らいし者たちと、それに抗い続ける者たち。善と悪とを問わずして、求められれば彼女は応じる。なぜならいまだ満たされぬ欲が、心の底で火を燻らせる。ゆえにいつか誰かが彼女自身を、この「世界」から買い取る日まで、その商いの旅は続く。,さぁ、買ってみせて,売ってあげるよ、此の世界を,君が私に値を付けてよ,さて、商売商売っと
1641,[秘盗王]ララジ,5,闇,<span style="color:#FF1493"><strong>おめでとう！君は呪われた！</strong></span><br class="spacer"><br class="spacer">呪いを解きたくば<br class="spacer">以下に記す、我が三つの願いを叶えるがよい！！<br class="spacer"><br class="spacer">一、汝、我が善き友となれ。<br class="spacer">二、汝、我が生涯の友となれ。<br class="spacer">三、汝、唯一無二の我が友となれ。,……ひらけごま,……のろわれてしまった,……こんにちは
1642,[呪盗王]ララジ,6,闇,ララジはかれこれ数百年ほど、と或る遺跡に縛られ続ける盗賊である。かつて盗み出そうとした「宝物」の呪いに掛かり、以来、その呪いをどうしても解く事が出来ずに、今日まで日々を過ごして来た。ありとあらゆる手段を講じ、遺跡からの脱出を試みるものの、やはり王家の呪いの力は強く、決して敵う事は無い。しかしララジは絶対に、呪いの「願い」を叶えはしない。王家の張ったその残酷な罠に、抗う道を探し続ける。,……友こそ、たから,……見すてはしない,……こんにちは
1643,[海流王]ナギ,5,水,「大災厄」を越え、尚、世界に広がる交易路全てを手中に治め続ける「A・スミス貿易真社」。その組織にて、最上の五指たる「五豪」の末席に名を列ねるのが、渦潮会のナギ・カイリュウである。人望、魚望の厚かった亡き父の跡を継いだ彼女もまた、多くの者からの信望を集める器量を兼ね備えており、それゆえ真社の長たるギルバ・アポロースは、西と東の海路の要を彼女に与え死守を命じた。あるいは其処が「海国」との、最前線たる戦線とは伏せ、あるいはナギを藻屑とする為。,我慢我慢……じゃ,わりゃ誰に物いいよんなら！,いっぺん海に沈んでこいや！,なぁに、只の通りすがりじゃ
1644,[海凪王]ナギ,6,水,凪ぐ海面の境界で、一人の少女が漂い、ゆれる。彼女の手足は半ばほどから先が無く、傷から溢れ出る血潮が辺りを赤く濡らしていた。やがて、その血の臭いに寄せられたのか、一頭のふかが背びれで波を斬り、彼女の元へと迫り来る。母なる海へと還る刻。そう受け入れたその瞬間、不意にふかは海に立ち、彼女を手ずから抱え上げた。驚き瞬く少女の目。見上げ映るは優しき目。それが、のちにナギと名付けられる少女と、その名付け親たる父、クロシオとの出会いであった。,まだまだ我慢……じゃ,おどりゃ、かちくらわすど！,わりゃあたいがいにせぇよ,なぁに、只の通りすがりじゃ
1645,,,,,
1646,[暴険王]アレレ,6,光,<span style="color:#FF1493"><strong>Ｌｏｏｋｉｎｇ　ｆｏｒ　ｍｙｆｒｉｅｎｄ！！</strong></span><br class="spacer"><span style="color:blue"><strong>Ｆｒｏｍ：Ａ’ｒｅ―ｒｅ<br class="spacer">Ｔｏ：Ｙｏｕ</strong></span><br class="spacer"><br class="spacer">ベリーベリーデンジャラス&amp;エキサイティングな<br class="spacer">トレジャーハンティングをエンジョイしたい方、<br class="spacer">今こそ私とトゥギャザーアドベンチャーデース！<br class="spacer"><br class="spacer"><span style="color:blue"><strong>↓↓↓↓↓↓詳しくはこちらマデ！↓↓↓↓↓↓<br class="spacer">西パンザイル２－５９２　ＮＯＤビル１０３号</strong></span>,マイフレンド、準備ＯＫ？,たとえ胃の中罠の中デース！,オー！マイフレンズ！！
1647,[忘険王]アレレ,6,闇,<span style="color:#969696">Ｌｏｏｋｉｎｇ　ｆｏｒ　ｍｙｆｒｉｅｎｄ！！<br class="spacer">Ｆｒｏｍ：Ａ’ｒｅ―ｒｅ</span><br class="spacer"><span style="color:#b9b9b9">Ｔｏ：Ｙｏｕ<br class="spacer"><br class="spacer">ベリーベリーデ</span>　　我ハ王。　　<span style="color:#b9b9b9">サイティングな<br class="spacer">トレジ</span>　血ト肉ト皮ト骨ト魂ヲ喰ラウ。　<span style="color:#b9b9b9">い方、<br class="spacer">今こそ私とト</span>　　古ノ王、也。　　<span style="color:#b9b9b9">ャーデース！</span><br class="spacer"><br class="spacer"><span style="color:#969696">↓↓↓↓↓↓詳し</span><span style="color:#b9b9b9">くはこちらマ</span><span style="color:#969696">デ！↓↓↓↓↓↓<br class="spacer">西パンザイル２－５９２　ＮＯＤビル１０３号</span>,マイフィード、準備ＯＫ？,貴方モ直グニ胃ノ中デース,オー、マイミール
1648,血の石番,5,火,<span style="color:#FF1493"><strong>　　　　　　　　　を襲いその血と肉と皮と<br class="spacer">　　　　　　　　　　　くし残らず胃の腑へ<br class="spacer">　　　　　　　　　　　の腹が満ちた頃一人<br class="spacer">　　　　　　　　　　　　る女は月から来た<br class="spacer">　　　　　　　　　　　　いたいが為に女の<br class="spacer">　　　　　　　　　　　　　　　　のは　　<br class="spacer">　　　　　　　　　　　　　　　　　　　　<br class="spacer">　　　　　　　　　　　　　　　　　　　　<br class="spacer">　　　　　　　　　　　　　　　　　　　　<br class="spacer">　　　　　　　　　　　　　　　　　　　　</strong></span>,我、扉ヲ封ズル欠片,紅キ炎ニ血ハ燃ユル,血ヲ、喰ラウ
1649,皮の石番,5,水,<span style="color:blue"><strong>　　　　　　　　　　　　　　　　　　　　<br class="spacer">　　　　　　　　　　　　　　　　　　　　<br class="spacer">　　　　　　　　　　　　　　　　　　　　<br class="spacer">　　　　　　　　　　　　　　　　　　　　<br class="spacer">と　　　　　　の　　　　　　　　　　　　<br class="spacer">首を　　たしかし　　　　　　　　　　　　<br class="spacer">紅で　無く泥の黒で　　　　　　　　　　　<br class="spacer">呑まれやがてその身　　　　　　　　　　　<br class="spacer">して女は泥の中から漆　　　　　　　　　　<br class="spacer">と其れを扉の先へと封じ　　　　　　　　　</strong></span>,我、扉ヲ封ズル欠片,蒼キ水ニ皮ハ揺レル,皮ヲ、喰ラウ
1650,肉の石番,5,光,<span style="color:#9b9b0f"><strong>　　　　　　　　　　　　　　　　　　　　<br class="spacer">　　　　　　　　　　　　　　　　　　　　<br class="spacer">　　　　　　　　　　　　　　　　　　　　<br class="spacer">　　　　　　　　　　　　　　　　　　　　<br class="spacer">　　　　　　　　　　　　　　　　　　　　<br class="spacer">　　　　　　　　　　　　　　　　　　血の<br class="spacer">　　　　　　　　　　　　　　　王は闇へと<br class="spacer">　　　　　　　　　　　が泥につつまれたそ<br class="spacer">　　　　　　　　　　黒に輝く珠を取り出す<br class="spacer">　　　　　　　　　　　月へと還っていった</strong></span>,我、扉ヲ封ズル欠片,明キ陽ニ肉ハ腐レル,肉ヲ、喰ラウ
1651,骨の石番,5,闇,<span style="color:#a050c8"><strong>邪神となった王は民　　　　　　　　　　　<br class="spacer">骨とそして魂を喰らい尽　　　　　　　　　<br class="spacer">おさめていったやがてそ　　　　　　　　　<br class="spacer">の女が王の元へとあ　　　　　　　　　　　<br class="spacer">　云い王は月人　　　　　　　　　　　　　<br class="spacer">　　刎ね　　　　　　　　　　　　　　　　<br class="spacer">　　は　　　　　　　　　　　　　　　　　<br class="spacer">　　　　　　　　　　　　　　　　　　　　<br class="spacer">　　　　　　　　　　　　　　　　　　　　<br class="spacer">　　　　　　　　　　　　　　　　　　　　</strong></span>,我、扉ヲ封ズル欠片,暗キ闇ニ骨ハ朽チル,骨ヲ、喰ラウ
1652,魂の石番,5,無,　　　　　　　　　　　　　　　　　　　　<br class="spacer">　　　　　　　　　　　　　　　　　　　　<br class="spacer">　　　　　　　　　　　　　　　　　　　　<br class="spacer">　　　　　　　　　らわれ　　　　　　　　<br class="spacer">　　　　　　　　肉を喰ら　　　　　　　　<br class="spacer">　　　　　　　　そこから溢れ出た　　　　<br class="spacer">　　　　　　　　　ありみるみる　　　　　<br class="spacer">　　　　　　　　　全て　　　　　　　　　<br class="spacer">　　　　　　　　　　　　　　　　　　　　<br class="spacer">　　　　　　　　　　　　　　　　　　　　,我、扉ヲ封ズル欠片,永キ泥ニ魂ハ堕チル,魂ヲ、喰ラウ
1653,[せいぎのみかた]べったー,5,闇,せいぎの味方になるにはぜったいの条件がある！まず、無ちこく、無けっきん、無そうたい！つねにきそくただしく元気よく！無だんけっきんなんてもってのほかだぞ！まちの平和はかいきんしょうだ！つぎ！つかれを見せるな！ろうにゃくなんにょ、つかれているのはみんな同じだ！はいつぎ！みかえりなんて求めちゃだめだ！きたいしてると、いたい目みるぞ！いじょう！かいさん！！,ごしめいりょうかい！,べったーさんじょう！,いそいできた！
1654,[烈虚神]ギグネス,5,火,特異起点記録<br class="spacer"><br class="spacer">ＧＤ：７４９８<br class="spacer">第三始界<br class="spacer">ｌ<br class="spacer">ＧＤ：８００４<br class="spacer">「バベル」「西大陸」崩壊<br class="spacer">ｌ<br class="spacer">ＧＤ：８０１２<br class="spacer">「神の胎」堕天,起動シークエンス　開始,障害排除　確認,信号受諾　再結完了,クリアリング　開始
1655,[滅虚神]ギグネス,6,火,人と竜、それらの「道」が決した先、数千年後の遥かな未来。その地に遺った「神の胎」から造り出されし四の機体。半神半機の其れらは総じて、魂持たぬ虚ろな神、即ち「虚神」と名付けられた。しかし四機がその名で呼ばれる事無く、名付けた者は皆全て「第七帝国」もろともに、虚神の下した裁定により、この地、この世より消失した。そしてそれより「黒き灰」が、延々永劫地に降り注ぐ中、四機は手にした胎が望む、「神」たる存在としての役目を、ただ果たすべく覚醒する。,最終シークエンス　開始,特異起点切除　確認,コード受諾　再定義完了,クリアリング　開始
1656,[欠虚神]ヒュプヌス,5,水,ｌ<br class="spacer">ＧＤ：８５２９<br class="spacer">第三次「欠記症候群」<br class="spacer">ｌ<br class="spacer">ＧＤ：８８２８<br class="spacer">「六大陸」統一、「王律国」建国<br class="spacer">ｌ<br class="spacer">ＧＤ：９１７６<br class="spacer">「第七帝国」推国,ケース：１１９　解析します,ケース：８０３　駆逐します,ケース：デルタ　収束します,ケース：シグマ　連繋します
1657,[結虚神]ヒュプヌス,6,水,その地はかつて「バベル」と呼ばれた。世界をあるべき姿に保つ為、神が裁きを定める土地。其処に母なる彼女は眠る。バベルの機構を制御するべく、その身、その脳、その心臓を晒し、そこから延びる鉄の管が、その知とその地を繋ぎ、結わえる。あるいはそれこそ、機械であった彼女が望んだ結果。そして虚神四機と、北条みなとが見守る中、ＦＡＺ―３０２８號、個体識別名「葉空すみれ」は、歓喜の叫びと、血の涙を流し続ける。,ケース：２２３　接触します,ケース：９０９　殲滅します,ケース：オメガ　輪転します,ケース：シグマ　連繋します
1658,[裁虚神]ビオス,5,光,ｌ<br class="spacer">ＧＤ：９８２２<br class="spacer">「最古の七種」絶滅、「月世界」消滅<br class="spacer">ｌ<br class="spacer">ＧＤ：９９９９<br class="spacer">「始界」封印、「特異点」断絶<br class="spacer">ｌ<br class="spacer">ＧＤ：１０２５２<br class="spacer">胎動,腕骨から指骨　座骨から末骨,脊椎から頚椎　仙椎から尾椎,心臓から細動　冠状から頚動,頭蓋から臓物　血液から屍肉
1659,[災虚神]ビオス,6,光,弾丸全てを撃ち尽くし、少女の為せる反撃は終わった。虚ろな神の繰る四指は、立ち尽くす彼女を完全に破壊すべく、その機体を絡めとる。元より恐怖も、後悔も無い。ただ戦場にて破壊される事実を認識しＨＯＪ―２１９型、個体識別名「宝条ゆり」は静かに目を閉じた。しかし、刹那に響く銃撃音。四指を弾き、ゆりの命を救ったのは、「かつて」次元転移の手立てを喪い、しかしそれより数千年、此の地で刻を待ち続けたＨＯＪ―００７型、個体識別名「宝条まゆ」であった。,鎖骨から尺骨　胸骨から肋骨,大脳から脳梁　海馬から視床,心臓から大動　肺動から肺静,頭蓋から臓物　血液から屍肉
1660,[灰虚神]タナトス,5,闇,ｌ<br class="spacer">ＧＤ：１１４９２<br class="spacer">起動、「北方地区」消失<br class="spacer">ｌ<br class="spacer">ＧＤ：１１４９３<br class="spacer">「バベル」転現、「邪竜」転生<br class="spacer">ｌ<br class="spacer">ＧＤ：１１５０７<br class="spacer">浄化開始,理解しろ　己の矮小さを,受容しろ　魂の終わりを,決定しろ　破壊と浄化を,結合しろ　神なる遺志を
1661,[廃虚神]タナトス,6,闇,散弾襲雨が空から注ぎ、傭兵たちの心臓を貫く。そして骸と成り果てた躯を「黒き灰」が包み、新たな命を与え、歩ませる。屍者の行進とも言うべきその光景に老兵は、くゆらす紫煙を僅かに揺らす。そしてかつて仲間だった者たちと、あるいはそれらを統べ、縛る虚ろな神へと銃口を向け、独り、最期の戦場へ向かう。と、彼の覚悟を察したか、それともただの性分か、空から地面に嵐の如く屍者をはね除け、突き立つ拳。黒き衣を身に纏った、正義の味方が其処に来た。,放棄しろ　不要なる魂を,受容しろ　世界の終わりを,選択しろ　白き死か黒き生を,結合しろ　神なる遺志を
1662,ムッシュ,6,無,今はまだ、ただの仔竜。,ふしゅっ！,むしゅしゅしゅ～っ！,むしゅり！
1663,[書食王]シシ,6,光,注意：閲覧、解放禁止<br class="spacer">封印指定原書：No.0044<br class="spacer"><br class="spacer">表題：書ヲ食ム亡者,シシシッ……,書ヲ……食ム……,食ム喰ム……,書マ……ミレ
1664,[書躯王]シシ,6,光水,「書館の墓場」と、そこは呼ばれる。「東の大地」の最果てにて天地を穿つ塔を望む、酷く荒れ果て、枯れた平野。その広大な地平には、見渡す限り朽ちた書館が建ち並び、そこより零れる頁の欠片が、風吹くたびに空を舞う。しかしその地に書を解く生者は、ただの一人もありはせず、ゆえに書館の墓場と、そこは呼ばれる。あるいはつがいの亡者のみが彷徨い、書を解くでは無く喰らうそれらは、過去より「書喰み」と、そう呼ばれる。,シシシシシッ！,君ノ書ヲ、食,食ム、剥ム、接ム、喰ム,書マ……ミレ
1665,[書喰王]キキ,6,闇,注意：閲覧、解放禁止<br class="spacer">封印指定原書：No.0043<br class="spacer"><br class="spacer">表題：書ヲ喰グ亡者,キキキッ……,書ヲ……喰グ……,喰グ食グ……,書ダ……ラケ
1666,[書虞王]キキ,6,闇火,それらは「書喰み」と、そう呼ばれる。「東の大地」の最果てにて地に積もる書の欠片たちを、喰らい続ける、つがいの亡者。蟲より鈍い速度で彷徨い、虚無へと連なる腑を開き、昼も夜も無く頁をむさぼる。しかしひとたび生者を見れば、書喰みは風より疾くその手と、足をもぎ、そののち首を書館へと吊るす。ゆえに過去より書を解く者が、此処には一人も現れず、この地は「書館の墓場」と、そう呼ばれる。,キキキキキッ！,オ前ノ書ヲ、喰グ,喰グ、剥グ、接グ、食グ,書ダ……ラケ
1667,アルエ,3,火,悠久の谷一番の狩人として、ありとあらゆる獲物を討つ守人。それが朱弓のアルエその人である。彼女の射程に入った者は、たとえ狸の一匹であろうと逃さずその矢に射られ、倒れる。ゆえに外敵の谷への侵入は、ここ十数年ほど皆無であり、それこそアルエの誇りでもある。ただ、唯一その業績に難癖をつけるのが、遊撃手たるウィンクルであり、ゆえに二人は好敵手であり、また狸狩りの腕を競い合う親友でもある。,あたいに任せとけって！,狩りはあたいの十八番でね！,さぁ、一発かますよ！,お、あんたら奇遇じゃんか！
1668,[人形]アルエ,4,火,誇りを喰われた、ただの人形。,イ死たた　いシたい　いしし,にシにた　い死にた絶た　い,カり　禍り　かり　狩裏　か,けかカ　き　かかかケ　キけ
1669,ソアラ,3,水,守人として個性無く、ゆえに炊事、洗濯、竜舎の掃除と、影なる仕事で守人たちを支えるのがソアラである。かつて幼なじみのウィンクルと共に谷長に拾われた彼女は、悠久の谷で竜と暮らす内、いつしか戦わぬ事を選択した。あるいはそれは、無垢なる巫女の願いでもあり、しかしそれを体現する決意こそソアラの真の個性たりえる。その「願い」の守人として、彼女は今日も笑い、転ぶ。,ん～、戦いたくないなぁ……,「お仕置き」だけなら！,無理しちゃだめだよ～,みんなまってよ～
1670,[人形]ソアラ,4,水,願いを喰われた、ただの人形。,私……戦イたク無いよ,願イはいつカ叶うかナ……？,無茶シなイでね,やっト……おイついタ
1671,ミレース,3,光,悠久の谷に存在する、数多くの守人と竜。その全ての者たちを持ち前の智慧により、指揮し、管理し、統括するのが、長代理としてのミレースの役割である。実質的な谷の統治は彼女の手腕によってまかなわれており、敵との戦い、食料事情、果ては喧嘩の仲裁まで、一手に担い取り仕切っている。彼女の智慧があってこそ、人と竜とが共に暮らす、この谷の平和は守られている。,勝ちゃいいだけじゃん！,あたしの作戦は完璧だし！,頭良ければ全て良し、ってね,ルールは守んなきゃだよー！
1672,[人形]ミレース,4,光,智慧を喰われた、ただの人形。,マあタ魔　まいタ　胃あ玉い,他すケたすけテ　たスすケた,わレる　われ　ア他マ　わレ,きアキき　かかけ　ききケき
1673,フィエ,3,闇,「悠久の谷」には、害意ある侵入者と直接対峙する者の他に、彼女たちへの後方支援に徹する守人が存在する。そして、村一番の薬学師たるフィエもその一人である。彼女の調合によって生み出される医薬は、戦場にて目覚ましい効果を発揮し、それにより命を救われた守人は数知れない。しかしその良薬の苦みとえぐみは、他と比べるまでも無く抜きん出ており、それゆえ谷の守人たちは、常日頃より怪我や病に存分に注意を払っている。,なんです？,前線は苦手なんですけど……,さ、お薬の時間ですよー,盾役、よろしくお願いします
1674,[人形]フィエ,4,闇,命を喰われた、ただの人形。,苦ルし　シ死　四しくる,たイた遺　胃たたイ　異タい,リり苦スり　りりクす　ス裏,アき　かかか　け　　か
1675,ウィンクル,3,無,人と竜とが共に暮らす「悠久の谷」。その地を守護する守人の一人が、ウィンクルである。彼女たちは谷長たる竜人の巫女に尽くし、またその恩恵として加護を受け、谷に害為す者へと弓を引く。中でもとりわけ厄介なのは「教国」と呼ばれる地より来たる、猫のような奇妙な笑い声をあげる襲撃者たちの存在であり、その者たちとの闘いが、昼夜を問わず谷の外にて繰り広げられている。,俺が仕留めてやるぜッ！,悪ぃが加減は出来ねぇぜ？,とっとと覚悟しやがれ！,なはは！よろしくな！
1676,[人形]ウィンクル,4,無,「夢」を見終えた、悠久の守人。,さテ……と……,夢から覚めル時間ダぜ？,けリ……ツけよウぜ,なはハ、よろシくな
1677,,,,,
1678,,,,,
1679,[騎士]Chrono,5,闇,<span style="color:#FF1493"><strong>[Paladin's Profile]</strong></span><br class="spacer">本名：クロノ・パラディン<br class="spacer">年齢：４２８７<br class="spacer">身長：１７１<br class="spacer">体重：６１<br class="spacer">趣味：射的、仮装,
1680,[黒白騎士]Chrono,6,闇,開館以来、名実ともに淑女の禁園「C-Club」のトップに君臨し続ける帝王、それが夜の処刑王ことクロノ・パラディンである。これまで彼はその耳、眼鏡、あるいは尻尾と、ありとあらゆる体躯を駆使し世の淑女たちを虜にしてきた、と云われている。中でも彼が切り札とする「漆黒堕天の指鉄砲」は凄まじい威力を誇り、射抜かれた淑女は興奮の余り吐血し果てるとの事だが、いまだ一度も命中した事は無く、あくまで噂の域を出ない。,
1681,[騎士]Arto,5,光,<span style="color:#FF1493"><strong>[Paladin's Profile]</strong></span><br class="spacer">本名：アルト・ウーリス<br class="spacer">年齢：２５<br class="spacer">身長：１７８<br class="spacer">体重：６４<br class="spacer">趣味：石像探し,
1682,[聖刻騎士]Arto,6,光,淑女の禁園「C-Club」の生ける伝説。それが至高のパラディン、アルトである。多忙につき、一年のたったの一度しか姿を現さぬ彼のもてなしを受けようと、古今東西の淑女たちが館へと詰め掛ける。しかし、その中で彼との至福のひとときを過ごせるのは「聖なる刻をたゆたう権利」、通称「聖権」を抽選で引き当てたたったの一人のみであり、例年多くの淑女が涙をのんでいる。尚、王都を統べし、国王アルトリウスと瓜二つの容姿ではあるが、本人曰く、全くもって赤の他人との事。,
1683,[騎士]Yamato,5,火,<span style="color:#FF1493"><strong>[Paladin's Profile]</strong></span><br class="spacer">本名：ヤマト・カグラノ<br class="spacer">年齢：２４<br class="spacer">身長：１８０<br class="spacer">体重：７８<br class="spacer">趣味：座禅、冥想,
1684,[無頼騎士]Yamato,6,火,淑女の禁園「C-Club」一硬派なパラディン、もといサムライたるヤマトのもてなしには三つの掟が存在する。一つ、淑女の後を歩くことなかれ。二つ、淑女に触れることなかれ。三つ、淑女と視線を交わすことなかれ。その古風な思想に基づいた一見無愛想にも見える、しかし決して淑女に媚びることの無いもてなしは「女子も黙らす漢道」と呼ばれ、連日、その背後に連なる無言の行列が絶える事は無い。そして彼は今日も、己の後行く淑女たちに、黙って背中を見せ続ける。,
1685,[騎士]Ruche,5,水,<span style="color:#FF1493"><strong>[Paladin's Profile]</strong></span><br class="spacer">本名：リューシュ・スロウス<br class="spacer">年齢：２２<br class="spacer">身長：１７７<br class="spacer">体重：６３＋８２<br class="spacer">趣味：炊事、洗濯、掃除,
1686,[出禁騎士]Ruche,6,水,他の者とは一線を画す手腕にて、淑女の禁園「C-Club」に瑞々しき喚声をもたらすパラディン、それがリューシュである。包帯から覗く憂いを帯びつつ潤んだ瞳、あるいは囁くように淑女をもてなすその立ち居振る舞い。パラディンとしておよそ完璧な素養を持つ彼はしかし、一つの大きな悩みを抱えていた。それこそが「右腕のワニ」である。正確には、ワニであるかすら定かでは無いが、ともあれある朝突然に現れたこの生き物のせいで、リューシュはなぜか出禁となった。,
1687,[騎士]Joy,5,闇,<span style="color:#FF1493"><strong>[Paladin's Profile]</strong></span><br class="spacer">本名：不明<br class="spacer">年齢：１３<br class="spacer">身長：１５８<br class="spacer">体重：４６<br class="spacer">趣味：鍵開け、帽子選び,
1688,[快盗騎士]Joy,6,闇,淑女の禁園「C-Club」きっての早熟パラディン、ジョイ。その名の通り、もてなしの時間を何より楽しむ彼は、屈託の無い、笑顔という名の仮面を被り「幼き恋の大泥棒」として、淑女たちの心を根こそぎ盗み取る事を至上の喜びと感じている。が、それゆえ反面、恋の「駆け引き」に関しては経験が乏しく、もてなしの時間が長引けば長引くほど仮面は剝がれ、結局最後は年相応の赤面を、淑女の前に晒す羽目になる事も多い。,
1689,,,,,
1690,,,,,
1691,,,,,
1692,,,,,
1693,,,,,
1694,,,,,
1695,,,,,
1696,,,,,
1697,,,,,
1698,,,,,
1699,,,,,
1700,,,,,
